Rk,Player,Tm,G,GS,MP,FG,FGA,FG%,3P,3PA,3P%,FT,FTA,FT%,ORB,DRB,TRB,AST,STL,BLK,TOV,PF,PTS,GmSc
1,James Harden\hardeja01,HOU,19,19,36.3,9.4,18.7,.500,3.5,10.1,.351,9.0,10.4,.868,0.9,5.6,6.6,8.1,1.9,0.9,4.2,3.4,31.3,26.4
2,Damian Lillard\lillada01,POR,12,12,39.7,9.9,20.9,.474,4.8,11.2,.425,8.6,9.4,.912,0.3,3.7,4.0,7.8,1.1,0.2,3.3,1.7,33.2,26.2
3,Luka Dončić\doncilu01,DAL,13,13,35.6,10.2,20.9,.489,2.4,7.2,.330,7.6,10.4,.733,1.0,9.0,10.0,9.2,0.8,0.5,4.9,2.8,30.5,23.8
4,Kawhi Leonard\leonaka01,LAC,19,19,37.7,9.8,20.3,.486,2.1,5.6,.377,6.6,7.7,.863,1.4,6.5,7.9,5.2,2.2,0.7,2.2,2.3,28.4,23.8
5,LeBron James\jamesle01,LAL,28,28,35.1,9.7,18.2,.532,2.1,5.8,.362,4.8,6.7,.707,1.3,8.7,9.9,8.3,1.1,0.9,3.8,1.9,26.2,23.0
6,Devin Booker\bookede01,PHO,8,8,33.8,10.4,20.6,.503,1.9,6.0,.313,7.9,8.4,.940,0.3,4.6,4.9,6.0,0.5,0.3,2.5,3.1,30.5,22.7
7,Anthony Davis\davisan02,LAL,28,28,36.1,8.9,16.5,.538,1.1,3.0,.357,7.4,8.8,.838,2.6,6.8,9.4,3.6,1.3,1.4,2.6,2.6,26.2,22.6
8,Giannis Antetokounmpo\antetgi01,MIL,15,15,28.8,10.1,17.3,.585,1.3,4.1,.306,5.6,9.3,.600,2.5,10.7,13.1,5.1,0.5,1.1,3.4,3.5,27.1,22.5
9,Kristaps Porziņģis\porzikr01,DAL,9,9,34.6,8.9,18.2,.488,2.8,6.6,.424,7.7,8.7,.885,1.6,7.7,9.2,1.7,0.6,1.3,1.2,4.1,28.2,21.8
10,Donovan Mitchell\mitchdo01,UTA,13,13,35.6,9.6,20.3,.473,3.8,8.4,.459,6.5,6.9,.933,1.2,3.7,4.8,4.9,0.8,0.3,3.5,2.2,29.5,21.0
11,T.J. Warren\warretj01,IND,10,10,37.5,10.6,19.6,.541,2.9,6.1,.475,2.5,2.7,.926,1.2,5.1,6.3,2.4,1.7,0.8,1.8,3.3,26.6,20.2
12,Jimmy Butler\butleji01,MIA,25,25,36.6,6.4,13.2,.486,0.6,1.8,.333,7.8,9.0,.858,2.2,4.4,6.5,5.8,2.1,0.7,2.7,1.8,21.2,20.1
13,De'Aaron Fox\foxde01,SAC,6,6,34.7,10.3,20.5,.504,1.2,5.3,.219,4.3,6.0,.722,0.8,1.7,2.5,7.3,1.7,0.3,2.8,2.7,26.2,19.5
14,Jamal Murray\murraja01,DEN,23,23,37.1,9.1,18.1,.502,3.0,6.8,.439,3.3,3.7,.872,1.0,3.8,4.8,6.3,0.9,0.3,2.4,2.0,24.4,19.3
15,DeMar DeRozan\derozde01,SAS,7,7,32.2,7.7,13.3,.581,0.1,0.7,.200,6.1,7.1,.860,0.7,3.7,4.4,5.7,1.1,0.9,2.4,2.3,21.7,19.1
16,Nikola Jokić\jokicni01,DEN,27,27,34.4,8.6,16.5,.519,1.9,4.7,.402,3.5,4.1,.839,1.8,6.9,8.7,6.5,1.0,0.6,3.2,3.3,22.5,18.9
17,Jayson Tatum\tatumja01,BOS,24,24,38.0,8.3,18.6,.443,2.9,7.3,.394,5.4,6.5,.822,1.2,7.6,8.8,4.6,1.1,1.0,3.0,2.3,24.8,18.9
18,Nikola Vučević\vucevni01,ORL,13,13,32.3,9.3,18.0,.517,2.6,6.5,.405,2.1,2.5,.844,1.5,8.7,10.2,3.1,0.9,0.2,1.8,2.1,23.3,18.5
19,Thomas Bryant\bryanth01,WAS,8,8,30.8,7.4,13.9,.532,1.9,4.6,.405,2.0,2.6,.762,2.9,6.0,8.9,1.5,1.4,2.0,0.6,2.3,18.6,17.7
20,Caris LeVert\leverca01,BRK,10,10,33.8,8.6,19.6,.439,1.7,5.2,.327,4.2,6.1,.689,1.7,3.7,5.4,7.8,1.4,0.4,3.3,1.6,23.1,17.6
21,Joel Embiid\embiijo01,PHI,11,11,29.3,7.6,15.8,.483,0.5,2.5,.185,8.0,10.2,.786,2.7,8.4,11.1,1.8,1.2,1.1,3.5,3.7,23.7,17.4
22,Jaren Jackson\jacksja02,MEM,3,3,36.7,8.3,17.3,.481,3.3,9.3,.357,5.3,6.7,.800,0.7,2.0,2.7,0.7,1.3,1.7,1.7,4.3,25.3,16.6
23,Jarrett Allen\allenja01,BRK,10,10,33.7,4.9,7.6,.645,0.0,0.1,.000,3.7,4.9,.755,3.8,8.7,12.5,3.4,0.5,1.4,1.6,2.5,13.5,16.2
24,Malcolm Brogdon\brogdma01,IND,10,10,35.4,6.3,15.0,.420,2.3,5.9,.390,4.6,5.2,.885,0.6,4.7,5.3,7.8,0.6,0.2,2.6,2.0,19.5,15.9
25,Chris Paul\paulch01,OKC,14,14,33.3,6.8,13.9,.490,1.9,4.9,.382,3.6,3.9,.927,0.6,5.9,6.5,5.9,1.7,0.4,3.4,2.6,19.1,15.9
26,Fred VanVleet\vanvlfr01,TOR,17,17,37.6,6.4,15.4,.412,3.4,8.6,.397,2.9,3.4,.860,0.3,3.9,4.2,6.8,1.6,0.6,1.9,2.4,19.0,15.8
27,Bam Adebayo\adebaba01,MIA,26,26,33.5,6.0,11.2,.536,0.0,0.1,.500,4.5,6.0,.761,2.2,7.3,9.5,4.6,0.9,0.9,2.5,2.9,16.6,15.4
28,Bogdan Bogdanović\bogdabo01,SAC,8,8,32.0,7.5,15.9,.472,3.4,7.6,.443,1.3,1.4,.909,1.1,3.4,4.5,4.8,1.3,0.1,1.6,2.3,19.6,15.4
29,Rudy Gobert\goberru01,UTA,13,13,35.4,6.2,9.6,.648,0.0,0.0,,3.7,6.0,.615,3.3,7.9,11.2,1.2,0.6,1.6,1.5,3.5,16.2,15.4
30,Mike Conley\conlemi01,UTA,11,11,32.5,6.0,13.2,.455,3.1,7.0,.442,3.7,4.0,.932,0.8,2.1,2.9,5.1,1.2,0.2,1.9,2.0,18.8,15.2
31,Paul George\georgpa01,LAC,19,19,35.6,7.4,17.3,.426,3.2,8.4,.384,3.9,4.5,.882,0.8,4.9,5.8,3.8,1.6,0.4,2.7,3.2,21.9,15.1
32,Tobias Harris\harrito02,PHI,11,11,34.0,7.5,17.0,.439,1.5,4.5,.327,3.2,4.0,.795,2.6,5.8,8.5,3.5,0.5,0.5,1.1,2.5,19.5,15.1
33,Derrick White\whitede01,SAS,7,7,29.8,5.7,12.6,.455,3.1,8.0,.393,4.3,5.1,.833,0.7,3.6,4.3,5.0,0.7,0.6,2.0,2.7,18.9,15.1
34,Jaylen Brown\brownja02,BOS,24,24,37.7,7.8,16.8,.462,2.7,7.4,.367,2.9,3.8,.778,1.3,5.9,7.2,2.0,1.5,0.5,2.1,2.7,21.1,14.9
35,Ja Morant\moranja01,MEM,8,8,37.8,6.8,17.1,.394,1.1,5.0,.225,4.4,5.4,.814,0.9,5.5,6.4,9.9,0.5,0.4,3.6,2.5,19.0,14.6
36,CJ McCollum\mccolcj01,POR,13,13,40.3,8.2,18.7,.436,2.5,6.8,.371,2.5,3.3,.744,0.8,4.8,5.5,4.5,1.1,0.4,2.0,2.6,21.3,14.5
37,Jusuf Nurkić\nurkiju01,POR,13,13,31.9,6.1,12.8,.476,0.4,1.6,.238,3.8,4.5,.845,2.8,7.5,10.3,3.8,1.4,1.3,2.5,4.6,16.3,14.4
38,Kyle Lowry\lowryky01,TOR,17,17,35.9,5.1,12.4,.414,2.0,6.2,.321,5.1,6.3,.813,0.6,6.1,6.6,5.8,1.8,0.7,3.1,3.6,17.4,14.3
39,Jonas Valančiūnas\valanjo01,MEM,8,8,26.9,5.9,10.3,.573,0.4,1.5,.250,3.1,4.0,.781,2.9,8.6,11.5,2.8,0.6,0.9,2.5,3.3,15.3,14.0
40,Brook Lopez\lopezbr01,MIL,17,17,30.7,6.4,12.6,.509,2.3,5.5,.415,2.6,3.0,.863,2.1,3.5,5.6,0.5,0.8,1.6,1.1,2.5,17.7,13.9
41,Rudy Gay\gayru01,SAS,7,0,24.8,6.3,13.4,.468,2.3,5.0,.457,3.0,3.3,.913,0.7,5.0,5.7,1.9,1.3,0.7,1.4,2.0,17.9,13.7
42,Joe Harris\harrijo01,BRK,8,8,31.2,7.6,12.8,.598,3.4,6.1,.551,0.5,1.3,.400,0.8,5.0,5.8,2.0,0.5,0.1,1.8,3.8,19.1,13.7
43,Khris Middleton\middlkh01,MIL,17,17,32.6,6.9,16.3,.426,2.2,5.9,.366,4.0,4.5,.883,0.5,5.9,6.5,5.9,0.8,0.1,3.4,3.6,20.1,13.5
44,Kemba Walker\walkeke02,BOS,23,23,33.9,6.1,13.6,.450,2.3,7.0,.335,3.6,4.3,.847,0.4,3.2,3.6,4.7,0.7,0.4,1.8,2.5,18.2,13.5
45,Goran Dragić\dragigo01,MIA,22,18,31.1,6.7,15.0,.450,2.0,6.0,.326,3.2,3.9,.814,0.7,3.4,4.1,4.7,1.2,0.2,2.3,3.1,18.6,13.1
46,Aaron Gordon\gordoaa01,ORL,4,4,25.9,5.3,10.3,.512,1.3,2.8,.455,3.5,5.3,.667,1.0,7.5,8.5,3.3,0.3,0.8,1.5,2.3,15.3,13.1
47,Deandre Ayton\aytonde01,PHO,8,7,30.0,6.9,12.9,.534,0.4,1.3,.300,0.9,1.4,.636,3.0,6.5,9.5,1.9,0.5,0.9,1.1,2.5,15.0,12.9
48,Shai Gilgeous-Alexander\gilgesh01,OKC,14,14,35.2,5.4,12.1,.441,1.6,4.6,.359,4.0,4.5,.889,0.4,4.3,4.6,3.8,1.1,0.4,2.3,1.9,16.4,12.4
49,Brandon Ingram\ingrabr01,NOP,6,6,30.8,6.3,15.0,.422,2.2,5.0,.433,5.0,6.3,.789,0.3,4.7,5.0,3.0,0.8,0.2,2.5,2.8,19.8,12.4
50,Russell Westbrook\westbru01,HOU,12,12,33.9,7.9,18.5,.428,1.0,3.8,.267,3.2,5.5,.576,1.4,5.3,6.8,5.7,1.4,0.4,4.1,3.0,20.0,12.3
51,Keldon Johnson\johnske04,SAS,8,1,26.1,4.6,7.3,.638,1.4,2.1,.647,3.5,4.3,.824,0.6,4.4,5.0,1.1,1.1,0.1,1.3,2.4,14.1,12.2
52,J.J. Redick\redicjj01,NOP,6,1,26.0,5.8,12.2,.479,4.0,8.7,.462,3.0,3.7,.818,0.2,1.7,1.8,1.8,0.2,0.2,1.7,1.7,18.7,12.1
53,Ricky Rubio\rubiori01,PHO,8,8,26.8,4.4,10.1,.432,1.5,3.5,.429,2.6,2.8,.955,0.5,4.4,4.9,7.9,0.8,0.3,2.3,3.0,12.9,12.1
54,Gordon Hayward\haywago01,BOS,12,8,33.0,5.4,11.9,.455,1.5,4.8,.316,3.1,3.5,.881,1.1,5.1,6.2,3.4,0.8,0.3,2.0,2.1,15.4,12.0
55,Zion Williamson\willizi01,NOP,5,5,20.7,7.6,13.6,.559,0.0,0.2,.000,3.2,5.2,.615,1.8,2.4,4.2,1.8,0.0,0.0,1.6,2.0,18.4,12.0
56,Cameron Johnson\johnsca02,PHO,8,8,32.4,5.0,10.0,.500,1.9,5.4,.349,1.4,1.4,1.000,1.3,4.6,5.9,2.1,0.8,0.5,0.4,2.0,13.3,11.9
57,Dario Šarić\saricda01,PHO,8,1,23.8,4.9,8.5,.574,1.4,2.6,.524,3.6,4.1,.879,1.4,6.3,7.6,1.8,0.4,0.1,2.0,3.0,14.8,11.9
58,Jahlil Okafor\okafoja01,NOP,2,0,21.4,6.5,9.0,.722,0.0,0.5,.000,1.5,2.0,.750,1.0,3.0,4.0,0.5,0.0,1.5,1.0,2.0,14.5,11.8
59,Myles Turner\turnemy01,IND,11,11,31.2,5.5,10.4,.526,1.4,3.2,.429,2.4,3.7,.634,2.5,5.7,8.2,1.3,0.5,2.5,2.4,3.7,14.6,11.8
60,Tyler Herro\herroty01,MIA,29,7,32.2,5.9,13.0,.452,2.2,6.0,.376,2.3,2.6,.907,0.3,4.7,5.0,3.7,0.4,0.1,2.0,1.7,16.3,11.6
61,Troy Brown\browntr01,WAS,8,8,32.9,5.5,14.5,.379,1.4,4.3,.324,2.9,3.1,.920,1.5,5.8,7.3,4.5,1.1,0.1,1.8,2.8,15.3,11.5
62,Dillon Brooks\brookdi01,MEM,8,8,32.6,7.9,17.9,.441,1.9,6.6,.283,2.5,3.1,.800,0.9,2.9,3.8,2.8,0.8,0.3,2.0,4.0,20.1,11.2
63,Michael Porter\portemi01,DEN,26,10,26.3,5.1,10.1,.504,2.0,5.2,.396,2.0,2.5,.828,1.3,5.9,7.2,1.0,0.8,0.5,1.5,2.6,14.2,11.0
64,Pascal Siakam\siakapa01,TOR,18,18,35.9,6.3,15.9,.395,1.4,5.4,.265,2.9,4.1,.716,1.2,5.7,6.8,3.2,1.1,0.4,2.1,2.9,16.9,10.8
65,Jonathan Isaac\isaacjo01,ORL,2,0,15.5,3.5,5.0,.700,1.0,1.5,.667,2.0,2.0,1.000,0.5,4.0,4.5,2.0,1.5,0.0,1.0,2.0,10.0,10.6
66,Brandon Clarke\clarkbr01,MEM,8,1,26.7,5.3,8.9,.592,0.3,1.5,.167,1.5,2.4,.632,1.8,4.9,6.6,1.1,0.8,0.8,1.1,2.3,12.3,10.5
67,Serge Ibaka\ibakase01,TOR,16,0,22.4,5.2,9.8,.529,1.7,3.8,.443,0.9,1.2,.737,1.7,6.0,7.7,1.1,0.4,1.1,1.3,2.6,12.9,10.5
68,Ish Smith\smithis01,WAS,8,4,27.2,5.8,13.5,.426,0.9,2.4,.368,1.8,2.0,.875,0.3,3.5,3.8,6.1,0.9,0.8,2.3,2.8,14.1,10.4
69,Harrison Barnes\barneha02,SAC,8,8,31.3,4.9,10.3,.476,1.1,3.1,.360,2.3,2.9,.783,2.0,4.1,6.1,0.9,0.6,0.3,1.0,1.4,13.1,10.2
70,Mikal Bridges\bridgmi01,PHO,8,8,33.7,4.6,9.6,.481,1.8,4.4,.400,1.8,2.1,.824,0.9,3.3,4.1,1.8,1.1,0.9,1.0,2.6,12.8,10.2
71,Robert Covington\covinro01,HOU,20,20,32.4,3.6,8.5,.424,2.4,6.2,.379,1.0,1.2,.826,0.9,5.5,6.3,1.5,2.5,1.3,1.1,3.5,10.5,10.1
72,Tim Hardaway\hardati02,DAL,14,14,34.3,5.6,13.4,.417,2.7,8.0,.339,2.6,3.0,.857,0.4,3.6,3.9,1.7,0.3,0.0,0.8,2.6,16.4,10.1
73,Carmelo Anthony\anthoca01,POR,13,13,35.0,5.8,13.2,.439,1.8,3.9,.451,2.7,3.2,.854,0.8,5.3,6.2,1.2,1.1,0.5,2.0,3.8,16.0,9.9
74,Eric Gordon\gordoer01,HOU,14,14,32.4,5.8,14.4,.403,2.4,7.5,.314,2.8,3.1,.886,0.5,2.2,2.7,2.7,0.8,0.6,2.2,2.0,16.7,9.9
75,Jrue Holiday\holidjr01,NOP,6,6,32.5,6.2,12.5,.493,1.2,4.0,.292,1.7,2.0,.833,1.2,3.0,4.2,5.0,1.2,0.7,4.3,3.3,15.2,9.9
76,Marcus Smart\smartma01,BOS,24,17,35.3,3.9,10.3,.379,2.1,6.3,.333,2.9,3.4,.864,0.5,4.1,4.6,4.7,1.5,0.4,2.5,3.1,12.8,9.9
77,Danilo Gallinari\gallida01,OKC,14,14,25.4,4.4,10.5,.415,1.8,5.2,.342,4.4,4.6,.953,0.5,3.6,4.1,0.9,0.5,0.1,1.5,1.4,14.9,9.8
78,Ivica Zubac\zubaciv01,LAC,21,21,23.3,3.7,6.0,.614,0.0,0.0,,2.2,3.0,.758,3.0,5.4,8.3,1.0,0.2,0.8,1.0,2.7,9.7,9.8
79,Alec Burks\burksal01,PHI,11,1,21.6,4.9,10.5,.466,1.7,4.0,.432,1.5,2.1,.739,1.1,2.1,3.2,2.3,0.5,0.3,0.8,1.4,13.1,9.7
80,Rui Hachimura\hachiru01,WAS,7,7,32.4,5.1,12.7,.404,0.7,2.0,.357,3.4,4.1,.828,2.1,4.4,6.6,2.4,0.4,0.1,1.7,2.3,14.4,9.7
81,Gary Trent\trentga02,POR,13,1,32.7,4.8,10.5,.463,3.4,7.0,.484,1.0,1.2,.813,0.8,0.9,1.7,1.1,1.0,0.2,0.5,2.8,14.1,9.7
82,Nemanja Bjelica\bjeline01,SAC,8,6,23.7,3.4,6.1,.551,1.1,3.1,.360,1.1,1.4,.818,0.5,5.3,5.8,3.0,1.0,0.9,0.9,2.9,9.0,9.6
83,Lou Williams\willilo02,LAC,18,0,24.9,4.8,11.1,.432,0.9,3.9,.225,2.4,3.0,.815,0.6,2.6,3.1,4.2,0.7,0.2,1.7,1.2,12.9,9.6
84,Steven Adams\adamsst01,OKC,12,12,27.2,4.3,7.3,.598,0.0,0.1,.000,1.5,3.2,.474,3.8,6.3,10.1,1.2,0.4,0.3,2.0,1.8,10.2,9.5
85,Jeff Green\greenje02,HOU,20,2,27.3,4.7,9.3,.505,1.9,5.0,.374,1.5,1.8,.857,0.3,3.7,4.0,1.9,0.6,0.5,1.1,2.6,12.8,9.5
86,Rajon Rondo\rondora01,LAL,16,0,24.7,3.4,7.6,.455,1.3,3.1,.400,0.8,1.2,.684,0.8,3.5,4.3,6.6,1.4,0.1,2.1,2.3,8.9,9.5
87,Terrence Ross\rosste01,ORL,11,0,27.4,5.0,12.1,.414,2.3,7.3,.313,3.0,3.4,.892,0.1,3.6,3.7,1.2,1.1,0.3,1.5,2.5,15.3,9.5
88,Victor Oladipo\oladivi01,IND,10,10,31.3,5.6,14.1,.397,2.4,6.8,.353,3.1,3.4,.912,0.2,4.5,4.7,2.7,1.5,0.1,3.3,2.9,16.7,9.4
89,Jakob Poeltl\poeltja01,SAS,8,8,25.8,3.9,6.0,.646,0.0,0.0,,0.5,1.5,.333,3.4,4.8,8.1,1.8,0.9,1.4,1.1,3.8,8.3,9.4
90,Dennis Schröder\schrode01,OKC,9,1,30.4,6.1,14.3,.426,1.8,5.6,.320,2.8,3.4,.806,0.2,3.0,3.2,3.4,0.7,0.1,2.7,2.6,16.8,9.4
91,Trey Burke\burketr01,DAL,14,4,24.8,4.6,10.1,.461,1.7,3.9,.444,1.1,1.5,.762,0.2,2.2,2.4,3.0,1.2,0.2,1.1,1.9,12.1,9.3
92,Jae Crowder\crowdja01,MIA,28,28,30.0,3.9,9.0,.438,2.8,7.1,.385,1.3,1.8,.740,0.5,4.8,5.3,1.8,0.7,0.5,0.8,2.6,11.9,9.3
93,Dorian Finney-Smith\finnedo01,DAL,13,13,31.7,4.0,9.0,.444,2.0,5.2,.382,0.9,1.2,.750,2.5,4.2,6.7,2.8,0.6,0.4,1.2,3.5,10.9,9.3
94,Timothé Luwawu-Cabarrot\luwawti01,BRK,12,5,26.1,4.9,11.3,.434,3.0,7.5,.400,2.3,2.6,.903,0.5,3.8,4.3,0.8,0.5,0.1,1.1,3.3,15.2,9.3
95,Jordan Clarkson\clarkjo01,UTA,15,2,25.2,5.9,14.1,.422,2.6,7.3,.358,1.7,2.0,.867,0.3,2.6,2.9,1.8,0.6,0.1,1.5,2.1,16.2,9.2
96,Grayson Allen\allengr01,MEM,8,0,27.6,4.8,9.4,.507,3.0,6.3,.480,1.1,1.3,.900,0.4,2.0,2.4,1.1,0.5,0.1,1.3,2.1,13.6,9.1
97,OG Anunoby\anunoog01,TOR,17,17,33.1,3.5,7.5,.465,1.4,3.2,.444,1.8,2.6,.705,1.9,3.9,5.8,1.3,1.1,0.9,1.2,2.3,10.2,9.1
98,Dejounte Murray\murrade01,SAS,8,8,29.9,4.9,12.5,.390,0.9,2.6,.333,2.0,2.5,.800,0.3,5.8,6.0,4.3,1.4,0.1,2.1,1.9,12.6,9.1
99,Jabari Parker\parkeja01,SAC,5,0,13.2,4.0,6.0,.667,0.2,0.6,.333,1.2,1.4,.857,1.4,2.4,3.8,1.6,0.6,0.2,0.8,1.0,9.4,9.1
100,Josh Richardson\richajo01,PHI,11,11,33.0,4.7,11.6,.406,2.3,5.7,.397,2.7,2.8,.968,0.7,1.7,2.5,2.5,0.8,0.4,1.9,2.5,14.5,9.1
101,D.J. Augustin\augusdj01,ORL,13,7,25.6,3.5,8.5,.418,1.4,3.4,.409,3.4,3.6,.936,0.3,1.5,1.8,5.3,0.4,0.0,2.2,1.9,11.8,9.0
102,Joe Ingles\inglejo01,UTA,15,15,30.3,3.3,7.5,.442,2.1,5.5,.386,1.0,1.1,.938,0.3,2.7,3.1,5.0,0.8,0.2,1.5,2.3,9.8,9.0
103,Eric Bledsoe\bledser01,MIL,14,14,27.8,3.8,9.9,.381,0.9,3.3,.261,2.4,3.4,.702,0.5,4.1,4.6,5.6,1.1,0.5,2.2,2.0,10.8,8.9
104,Tyler Johnson\johnsty01,BRK,12,6,23.9,4.4,10.4,.424,2.1,5.3,.391,1.7,1.7,1.000,0.7,1.9,2.6,2.8,0.3,0.2,0.7,2.2,12.6,8.9
105,Marcus Morris\morrima03,LAC,20,20,29.8,4.3,8.6,.503,1.9,4.2,.446,1.1,1.3,.880,0.8,3.9,4.7,1.5,0.8,0.2,0.9,2.9,11.6,8.9
106,Derrick Favors\favorde01,NOP,6,6,25.6,3.3,5.7,.588,0.0,0.0,,0.7,1.5,.444,2.7,6.7,9.3,1.0,0.8,0.3,0.7,1.3,7.3,8.8
107,Evan Fournier\fournev01,ORL,10,10,31.5,4.6,11.7,.393,2.0,6.3,.317,2.4,3.2,.750,0.4,3.0,3.4,2.9,0.7,0.4,1.4,2.4,13.6,8.8
108,Al Horford\horfoal01,PHI,11,7,27.8,3.8,7.3,.525,0.9,2.1,.435,0.9,1.3,.714,1.8,4.8,6.6,3.2,0.1,1.0,1.6,2.5,9.5,8.8
109,Danuel House\houseda01,HOU,14,9,32.4,4.4,10.1,.430,2.5,6.9,.361,1.1,1.3,.833,0.8,4.4,5.2,1.4,0.8,0.1,0.9,2.5,12.3,8.8
110,Frank Mason\masonfr01,MIL,5,0,13.5,3.6,6.4,.563,0.8,2.2,.364,1.6,2.6,.615,0.4,1.8,2.2,3.8,0.6,0.2,1.0,1.4,9.6,8.8
111,Cameron Payne\payneca01,PHO,8,0,22.9,4.1,8.5,.485,1.9,3.6,.517,0.8,0.9,.857,0.5,3.4,3.9,3.0,1.0,0.3,1.4,2.5,10.9,8.8
112,Norman Powell\powelno01,TOR,19,3,25.4,4.6,9.8,.473,1.9,4.7,.416,2.3,2.7,.827,0.4,2.5,2.9,1.3,0.6,0.4,1.3,2.3,13.5,8.8
113,Duncan Robinson\robindu01,MIA,29,29,28.2,3.9,8.6,.448,3.1,7.6,.406,1.8,2.0,.912,0.2,2.5,2.7,1.7,0.5,0.3,0.9,2.7,12.6,8.8
114,Jerome Robinson\robinje01,WAS,8,2,28.9,5.0,11.8,.426,2.3,6.1,.367,2.5,3.5,.714,0.5,2.4,2.9,2.8,0.8,0.4,1.9,3.6,14.8,8.8
115,Ben Simmons\simmobe01,PHI,3,3,28.8,4.7,10.0,.467,0.0,0.3,.000,2.3,4.7,.500,1.7,5.3,7.0,4.3,1.3,0.3,2.7,4.3,11.7,8.6
116,Monte Morris\morrimo01,DEN,27,8,23.7,3.9,8.0,.484,0.9,2.5,.338,1.9,2.3,.852,0.3,1.7,2.0,2.9,0.5,0.1,0.7,1.1,10.5,8.5
117,Jerami Grant\grantje01,DEN,26,18,33.4,4.3,9.7,.442,1.6,4.9,.323,2.6,3.0,.859,0.5,2.7,3.2,1.3,0.7,0.8,1.3,2.8,12.7,8.4
118,Daniel Theis\theisda01,BOS,24,24,27.7,3.6,6.7,.534,0.4,1.7,.244,1.3,1.7,.780,1.8,5.2,7.0,1.7,0.3,1.3,0.9,3.5,8.9,8.4
119,Darius Bazley\bazleda01,OKC,15,1,23.1,3.3,7.9,.424,2.0,4.2,.476,1.3,1.7,.800,0.7,5.7,6.5,1.2,0.2,0.6,0.7,0.8,10.0,8.3
120,Josh Hart\hartjo01,NOP,8,2,24.0,3.1,6.4,.490,1.3,3.6,.345,2.1,3.0,.708,0.9,6.0,6.9,1.8,0.5,0.3,1.3,2.0,9.6,8.3
121,Marco Belinelli\belinma01,SAS,5,0,21.0,3.4,8.6,.395,2.0,4.6,.435,3.2,3.4,.941,0.6,1.2,1.8,1.0,0.4,0.0,0.6,0.8,12.0,8.2
122,Jevon Carter\carteje01,PHO,8,0,23.9,2.4,4.8,.500,2.0,3.6,.552,0.3,0.3,1.000,0.6,1.9,2.5,2.4,1.1,0.5,0.1,1.3,7.0,8.1
123,Patty Mills\millspa02,SAS,3,0,18.3,3.7,7.3,.500,2.0,4.7,.429,1.3,1.3,1.000,1.0,2.0,3.0,2.0,0.3,0.0,1.0,2.3,10.7,8.1
124,Shake Milton\miltosh01,PHI,12,12,26.6,3.9,8.7,.452,1.7,4.5,.370,1.5,1.8,.857,0.4,2.3,2.8,3.7,0.3,0.1,1.3,3.0,11.0,7.8
125,Aaron Holiday\holidaa01,IND,12,9,26.7,3.6,7.3,.489,0.9,2.3,.407,1.3,1.7,.750,0.2,2.3,2.4,3.5,1.2,0.3,1.4,2.3,9.3,7.7
126,Raul Neto\netora01,PHI,7,0,18.4,3.6,8.0,.446,1.1,3.1,.364,1.9,2.3,.813,0.0,1.7,1.7,3.0,0.4,0.1,0.9,1.0,10.1,7.7
127,Seth Curry\curryse01,DAL,11,5,27.3,4.5,8.6,.516,1.7,3.8,.452,1.0,1.3,.786,0.3,1.3,1.5,1.2,0.7,0.1,0.9,2.4,11.6,7.6
128,Markelle Fultz\fultzma01,ORL,13,6,25.4,4.8,12.0,.404,0.9,2.5,.364,1.5,1.9,.800,0.5,2.3,2.8,4.7,0.9,0.3,2.2,2.8,12.2,7.6
129,George Hill\hillge01,MIL,17,3,25.7,2.8,6.3,.449,1.1,3.1,.346,2.2,2.6,.841,0.6,2.2,2.8,3.5,0.6,0.1,1.4,1.5,8.9,7.6
130,Drew Eubanks\eubandr01,SAS,8,0,17.7,2.8,4.9,.564,0.0,0.0,,1.5,1.9,.800,2.5,3.8,6.3,1.3,0.4,1.4,1.4,2.0,7.0,7.5
131,Buddy Hield\hieldbu01,SAC,8,0,21.4,5.3,12.5,.420,3.4,8.8,.386,0.4,0.6,.600,0.0,2.8,2.8,2.0,0.8,0.0,2.3,1.9,14.3,7.5
132,Hassan Whiteside\whiteha01,POR,11,3,18.5,2.8,4.5,.620,0.1,0.1,1.000,1.6,2.5,.643,1.9,4.5,6.5,0.5,0.3,1.7,0.8,3.1,7.4,7.5
133,Boban Marjanović\marjabo01,DAL,13,3,12.8,3.2,5.2,.618,0.0,0.2,.000,1.1,1.5,.737,1.5,4.6,6.1,0.9,0.1,0.4,0.5,1.4,7.5,7.3
134,Garrett Temple\templga01,BRK,11,8,29.1,3.7,10.2,.366,2.2,6.9,.316,1.7,1.8,.950,0.1,3.5,3.5,2.1,0.7,0.4,1.0,2.3,11.4,7.3
135,Zylan Cheatham\cheatzy01,NOP,1,0,20.4,4.0,4.0,1.000,0.0,0.0,,0.0,0.0,,2.0,1.0,3.0,1.0,1.0,0.0,1.0,5.0,8.0,7.2
136,Frank Jackson\jacksfr01,NOP,8,1,17.6,4.4,9.3,.473,1.0,3.0,.333,1.0,1.4,.727,0.4,1.1,1.5,2.5,0.3,0.0,0.8,1.3,10.8,7.2
137,Montrezl Harrell\harremo01,LAC,13,0,18.7,3.6,6.3,.573,0.1,0.4,.200,3.2,5.2,.603,0.8,2.1,2.9,0.4,0.4,0.5,0.9,2.2,10.5,7.1
138,Kyle Kuzma\kuzmaky01,LAL,28,2,24.4,4.1,9.3,.440,1.5,4.3,.353,1.7,2.2,.758,0.8,2.6,3.4,1.0,0.5,0.4,1.0,2.5,11.3,7.1
139,Kelly Olynyk\olynyke01,MIA,25,3,18.8,3.1,7.0,.443,1.3,3.9,.327,1.6,1.8,.848,0.8,4.2,5.0,1.5,0.4,0.5,0.8,2.6,9.1,7.1
140,Richaun Holmes\holmeri01,SAC,5,5,23.3,2.6,4.6,.565,0.0,0.0,,2.6,3.6,.722,1.8,4.8,6.6,0.6,0.4,0.2,0.6,3.4,7.8,6.9
141,Khem Birch\birchkh01,ORL,13,0,18.0,1.8,3.2,.571,0.0,0.0,,2.7,3.5,.778,2.3,2.7,5.0,1.7,0.4,0.2,1.0,2.2,6.4,6.8
142,Glenn Robinson\robingl02,PHI,2,0,21.4,3.5,7.0,.500,1.5,3.0,.500,1.0,1.5,.667,1.5,3.5,5.0,0.0,0.5,0.0,1.0,1.5,9.5,6.8
143,Lonnie Walker\walkelo01,SAS,8,8,27.6,4.5,11.3,.400,1.5,3.8,.400,0.8,1.0,.750,0.4,2.6,3.0,2.8,0.5,0.1,1.6,1.0,11.3,6.6
144,Lonzo Ball\balllo01,NOP,7,7,29.8,2.6,8.4,.305,1.3,4.6,.281,0.7,1.3,.556,1.1,3.9,5.0,6.6,1.1,1.1,3.0,2.6,7.1,6.5
145,Kentavious Caldwell-Pope\caldwke01,LAL,27,27,28.4,3.6,8.5,.417,1.9,5.1,.365,1.0,1.3,.794,0.3,1.7,2.0,1.3,0.9,0.2,0.8,1.9,10.0,6.4
146,Ed Davis\davised01,UTA,3,1,11.8,2.7,4.0,.667,0.0,0.0,,0.7,1.0,.667,2.0,1.3,3.3,1.3,0.3,0.0,0.0,2.0,6.0,6.4
147,Sindarius Thornwell\thornsi01,NOP,2,0,17.7,3.0,5.5,.545,1.0,2.0,.500,1.0,2.0,.500,0.0,2.0,2.0,2.0,0.5,0.5,1.0,1.0,8.0,6.4
148,James Ennis\ennisja01,ORL,13,13,25.5,3.4,7.7,.440,0.9,3.5,.261,1.8,2.2,.793,1.2,4.5,5.8,1.2,0.8,0.3,1.6,3.6,9.5,6.3
149,Maxi Kleber\klebima01,DAL,14,6,28.4,2.6,6.2,.414,1.2,4.2,.288,1.4,1.8,.760,1.6,3.5,5.1,1.4,0.5,0.9,1.0,3.1,7.7,6.3
150,T.J. McConnell\mccontj01,IND,11,0,15.1,2.5,5.2,.491,0.0,0.2,.000,0.5,0.7,.750,0.5,2.4,2.9,4.2,1.1,0.0,1.5,0.7,5.6,6.3
151,Nickeil Alexander-Walker\alexani01,NOP,6,1,15.0,3.5,6.5,.538,1.0,2.7,.375,1.3,1.5,.889,0.2,0.5,0.7,2.5,1.0,0.2,2.3,1.8,9.3,6.2
152,Jeremiah Martin\martije02,BRK,9,0,12.2,3.0,6.9,.435,0.9,2.4,.364,1.3,1.7,.800,0.1,1.1,1.2,2.2,0.7,0.2,0.7,1.0,8.2,6.2
153,Hamidou Diallo\diallha01,OKC,11,0,20.2,3.4,8.0,.420,0.9,2.5,.370,1.3,2.3,.560,1.5,3.1,4.6,1.4,0.8,0.3,1.5,1.7,8.9,6.1
154,Cory Joseph\josepco01,SAC,8,4,27.6,2.0,5.4,.372,1.1,3.1,.360,1.5,1.5,1.000,0.9,2.3,3.1,4.1,0.9,0.0,2.0,1.5,6.6,6.1
155,Kyle O'Quinn\oquinky01,PHI,4,1,15.1,1.8,3.3,.538,0.0,1.0,.000,0.3,0.3,1.000,0.5,4.3,4.8,4.3,0.5,0.5,1.0,1.3,3.8,6.1
156,Patrick Beverley\beverpa01,LAC,11,10,19.0,2.5,5.0,.509,1.2,2.7,.433,0.5,0.9,.600,0.9,2.7,3.6,2.1,0.8,0.3,0.8,3.4,6.8,6.0
157,Devontae Cacok\cacokde01,LAL,1,0,8.9,3.0,6.0,.500,0.0,0.0,,0.0,0.0,,2.0,3.0,5.0,1.0,0.0,0.0,0.0,0.0,6.0,6.0
158,Paul Millsap\millspa01,DEN,26,26,24.0,2.7,6.5,.414,0.8,2.3,.356,2.0,2.7,.768,1.4,3.3,4.7,1.4,0.7,0.4,1.3,2.8,8.2,6.0
159,Royce O'Neale\onealro01,UTA,14,14,31.1,2.1,5.4,.395,1.4,3.9,.364,0.6,0.9,.750,0.6,5.7,6.3,2.6,1.5,0.4,1.7,3.4,6.4,6.0
160,Robert Williams\williro04,BOS,19,0,11.3,2.4,3.0,.789,0.0,0.1,.000,0.5,0.8,.667,1.5,2.3,3.7,0.8,0.3,0.7,0.4,1.5,5.3,6.0
161,Kyle Anderson\anderky01,MEM,8,8,23.7,2.4,6.4,.373,1.0,2.9,.348,1.1,1.5,.750,0.5,3.0,3.5,3.8,1.0,0.8,1.4,3.3,6.9,5.9
162,Gary Clark\clarkga01,ORL,12,9,23.7,2.3,5.4,.415,1.8,4.8,.386,0.4,0.5,.833,1.2,3.3,4.4,0.8,0.5,0.8,0.6,1.8,6.8,5.9
163,Justin Holiday\holidju01,IND,12,6,28.3,2.3,6.3,.373,1.7,4.9,.339,0.7,0.9,.727,0.5,3.4,3.9,0.8,1.5,0.8,0.6,2.2,7.0,5.9
164,Kent Bazemore\bazemke01,SAC,4,0,20.9,3.8,9.8,.385,1.5,4.0,.375,1.0,1.3,.800,0.8,3.5,4.3,2.0,1.0,0.3,1.5,3.5,10.0,5.8
165,Isaac Bonga\bongais01,WAS,8,8,28.0,2.8,6.3,.440,0.4,2.0,.188,2.1,2.6,.810,1.3,3.6,4.9,1.9,1.0,0.1,2.1,2.5,8.0,5.8
166,Chris Chiozza\chiozch01,BRK,11,2,19.7,2.8,7.7,.365,1.3,4.3,.298,0.5,0.6,.714,0.4,1.8,2.2,4.7,1.0,0.2,1.6,1.9,7.4,5.8
167,Jaxson Hayes\hayesja02,NOP,8,2,16.1,2.4,3.0,.792,0.0,0.0,,1.8,2.1,.824,1.9,2.6,4.5,0.6,0.4,0.3,1.5,2.4,6.5,5.8
168,Mike Scott\scottmi01,PHI,9,1,12.0,2.2,4.0,.556,0.8,1.7,.467,1.0,1.2,.818,1.0,2.4,3.4,1.0,0.2,0.0,0.2,1.4,6.2,5.8
169,Zach Collins\colliza01,POR,8,8,25.4,2.9,6.1,.469,0.5,1.5,.333,0.0,0.3,.000,2.6,4.5,7.1,1.3,0.6,0.4,1.0,3.1,6.3,5.7
170,P.J. Tucker\tuckepj01,HOU,20,20,33.9,2.5,7.0,.357,1.9,5.5,.339,0.1,0.2,.500,1.7,4.4,6.1,1.6,1.0,0.4,0.9,3.4,7.0,5.7
171,Brad Wanamaker\wanambr01,BOS,25,0,17.1,2.2,4.2,.529,0.6,1.6,.410,1.3,1.4,.889,0.2,2.0,2.2,2.0,0.8,0.2,1.0,1.8,6.3,5.7
172,Gorgui Dieng\dienggo01,MEM,5,0,16.9,1.6,4.2,.381,0.6,2.0,.300,3.4,3.6,.944,0.8,2.8,3.6,0.4,0.6,0.6,1.0,2.4,7.2,5.6
173,JaMychal Green\greenja01,LAC,21,1,19.0,2.7,5.0,.543,1.3,2.7,.491,0.5,0.6,.846,0.7,3.5,4.2,0.6,0.3,0.3,0.7,2.7,7.3,5.6
174,Chimezie Metu\metuch01,SAS,2,0,16.4,2.0,3.5,.571,0.0,0.5,.000,2.0,2.5,.800,1.0,2.5,3.5,2.0,1.0,1.0,2.5,1.5,6.0,5.6
175,Elie Okobo\okoboel01,PHO,1,0,12.0,0.0,0.0,,0.0,0.0,,4.0,4.0,1.000,0.0,2.0,2.0,2.0,0.0,0.0,0.0,1.0,4.0,5.6
176,Luka Šamanić\samanlu01,SAS,2,1,18.2,2.5,6.0,.417,1.5,3.0,.500,1.5,2.0,.750,0.5,3.5,4.0,1.5,0.0,1.0,1.0,3.0,8.0,5.6
177,Dwight Howard\howardw01,LAL,25,7,15.8,2.1,3.1,.688,0.0,0.1,.500,1.8,3.2,.582,1.9,3.4,5.3,0.5,0.5,0.4,1.1,3.1,6.1,5.5
178,Patrick Patterson\pattepa01,LAC,10,0,17.9,2.2,4.8,.458,1.5,3.3,.455,0.8,0.9,.889,0.5,2.6,3.1,1.4,0.1,0.0,0.3,1.4,6.7,5.5
179,Alex Caruso\carusal01,LAL,27,2,24.2,2.1,5.3,.403,0.7,2.7,.257,1.3,1.8,.729,0.7,1.5,2.2,3.0,1.2,0.5,1.4,2.5,6.3,5.4
180,J.J. Barea\bareajo01,DAL,4,2,16.1,2.8,7.3,.379,0.8,2.3,.333,1.5,1.8,.857,0.0,1.3,1.3,3.3,0.3,0.0,1.0,0.8,7.8,5.3
181,Michael Carter-Williams\cartemi01,ORL,3,0,20.0,2.0,6.0,.333,0.7,2.3,.286,2.3,2.7,.875,0.7,1.7,2.3,2.3,1.3,0.7,1.3,3.0,7.0,5.3
182,Danny Green\greenda02,LAL,28,28,24.4,2.8,7.8,.356,1.6,5.1,.322,0.4,0.7,.579,1.1,1.9,3.0,1.1,1.0,0.7,0.8,2.0,7.6,5.3
183,Udonis Haslem\hasleud01,MIA,1,1,23.5,3.0,5.0,.600,1.0,1.0,1.000,0.0,0.0,,1.0,7.0,8.0,0.0,0.0,0.0,1.0,3.0,7.0,5.3
184,Talen Horton-Tucker\hortota01,LAL,6,1,15.5,3.3,6.8,.488,1.0,2.8,.353,0.3,0.7,.500,0.3,1.7,2.0,0.7,1.5,0.2,1.0,2.3,8.0,5.3
185,Javonte Green\greenja02,BOS,5,1,11.8,3.0,6.0,.500,0.8,2.4,.333,1.0,1.2,.833,1.2,1.6,2.8,0.6,0.2,0.2,1.0,1.4,7.8,5.2
186,Enes Kanter\kanteen01,BOS,18,1,10.8,2.5,4.4,.570,0.1,0.1,1.000,0.7,1.1,.600,2.3,2.2,4.4,0.8,0.1,0.2,0.4,1.9,5.7,5.2
187,Chris Silva\silvach01,MIA,3,0,13.2,1.7,3.0,.556,0.0,0.3,.000,1.0,2.0,.500,2.0,3.7,5.7,0.7,0.0,1.0,0.3,1.7,4.3,5.2
188,Pat Connaughton\connapa01,MIL,16,3,18.4,2.1,4.7,.440,1.2,3.3,.365,0.4,0.4,1.000,0.6,3.4,4.0,1.4,0.4,0.2,0.6,1.4,5.7,5.1
189,Marvin Williams\willima02,MIL,16,0,18.6,1.9,4.1,.462,0.9,2.2,.400,0.3,0.4,.833,1.4,3.8,5.2,0.8,0.4,0.4,0.5,1.4,4.9,5.1
190,Tony Bradley\bradlto01,UTA,14,1,12.6,1.8,3.1,.581,0.1,0.1,1.000,0.6,0.9,.692,2.2,3.1,5.3,0.5,0.3,0.7,0.8,1.5,4.4,5.0
191,Marc Gasol\gasolma01,TOR,19,19,21.0,2.4,5.6,.421,0.6,2.5,.229,1.1,1.5,.750,0.3,4.7,5.0,2.7,0.6,0.6,1.7,2.9,6.4,5.0
192,Stanley Johnson\johnsst04,TOR,8,0,9.2,2.4,4.9,.487,0.9,2.0,.438,0.6,1.4,.455,0.6,1.8,2.4,2.3,0.3,0.3,1.0,1.1,6.3,5.0
193,Rodions Kurucs\kurucro01,BRK,12,6,20.1,2.5,5.3,.476,0.7,2.8,.242,0.6,1.0,.583,0.8,3.6,4.4,1.8,0.8,0.3,1.2,2.8,6.3,5.0
194,Yogi Ferrell\ferreyo01,SAC,6,0,7.6,2.0,3.2,.632,0.8,1.7,.500,0.7,0.8,.800,0.0,0.2,0.2,1.7,0.7,0.0,0.5,1.2,5.5,4.9
195,Furkan Korkmaz\korkmfu01,PHI,12,0,16.8,1.7,4.7,.357,1.4,3.8,.378,2.3,2.9,.771,0.2,2.0,2.2,0.9,0.5,0.1,0.8,1.0,7.0,4.9
196,Georges Niang\niangge01,UTA,15,1,17.7,2.9,6.7,.426,1.7,4.6,.362,0.2,0.3,.750,0.5,1.7,2.2,0.9,0.3,0.1,0.4,1.4,7.6,4.9
197,JaKarr Sampson\sampsja02,IND,12,2,15.0,2.5,4.2,.600,0.0,0.0,,0.6,0.6,1.000,0.5,3.0,3.5,1.3,0.8,0.3,0.8,2.6,5.6,4.9
198,Luguentz Dort\dortlu01,OKC,13,13,27.5,3.7,10.5,.350,1.6,6.0,.269,1.7,2.5,.688,1.1,2.7,3.8,0.9,0.8,0.6,1.7,3.4,10.7,4.8
199,Melvin Frazier\frazime01,ORL,4,0,18.7,2.3,4.3,.529,1.0,2.3,.444,0.0,0.0,,0.3,1.3,1.5,0.5,1.3,0.0,0.5,0.8,5.5,4.8
200,Wesley Iwundu\iwundwe01,ORL,12,3,18.3,2.2,4.9,.441,0.9,1.8,.500,1.8,2.4,.724,0.2,2.3,2.4,1.5,0.3,0.3,0.9,1.9,7.0,4.8
201,Džanan Musa\musadz01,BRK,8,0,15.3,2.0,5.5,.364,0.5,2.4,.211,2.8,3.8,.733,0.4,1.9,2.3,2.0,0.3,0.1,1.3,0.9,7.3,4.8
202,Jamal Crawford\crawfja01,BRK,1,0,6.0,2.0,4.0,.500,1.0,2.0,.500,0.0,0.0,,0.0,0.0,0.0,3.0,0.0,0.0,0.0,1.0,5.0,4.7
203,Donta Hall\halldo01,BRK,8,0,13.1,2.1,2.9,.739,0.0,0.0,,0.8,2.0,.375,1.4,2.1,3.5,0.3,0.3,0.9,0.5,1.9,5.0,4.7
204,Ben McLemore\mclembe01,HOU,19,4,16.4,2.5,6.1,.417,2.2,5.2,.418,0.2,0.3,.600,0.2,1.4,1.5,0.5,0.6,0.2,0.4,1.7,7.4,4.7
205,Chris Boucher\bouchch01,TOR,14,0,9.8,1.8,3.6,.500,0.9,1.7,.500,0.6,1.0,.643,1.1,2.2,3.4,0.3,0.1,0.7,0.4,1.1,5.1,4.6
206,Harry Giles\gilesha01,SAC,8,0,11.0,2.9,5.5,.523,0.0,0.3,.000,0.6,0.8,.833,1.3,2.4,3.6,1.4,0.1,0.5,1.1,2.4,6.4,4.6
207,E'Twaun Moore\mooreet01,NOP,5,1,12.4,2.4,5.4,.444,0.6,1.4,.429,0.4,0.4,1.000,0.4,1.2,1.6,1.0,0.8,0.2,0.4,0.6,5.8,4.6
208,Miye Oni\onimi01,UTA,7,1,16.1,2.1,5.1,.417,1.1,3.1,.364,0.6,0.7,.800,1.0,1.7,2.7,0.6,0.7,0.4,0.6,1.6,6.0,4.6
209,Austin Rivers\riverau01,HOU,20,0,20.1,2.4,6.5,.369,1.1,3.7,.301,1.4,1.7,.824,0.2,3.0,3.2,1.7,0.7,0.1,1.2,2.0,7.3,4.6
210,Donte DiVincenzo\divindo01,MIL,17,3,19.0,2.7,6.4,.422,0.8,2.8,.298,0.9,1.6,.571,0.9,2.7,3.6,1.8,0.7,0.3,1.6,2.2,7.2,4.5
211,DaQuan Jeffries\jeffrda01,SAC,7,0,17.4,2.4,4.7,.515,0.6,2.0,.286,0.7,0.9,.833,0.3,2.1,2.4,0.9,0.4,0.1,0.3,2.3,6.1,4.5
212,Reggie Jackson\jacksre01,LAC,20,6,17.8,2.4,5.9,.410,1.5,3.2,.453,0.5,0.6,.909,0.2,2.1,2.3,1.8,0.3,0.1,0.8,1.9,6.8,4.4
213,Alize Johnson\johnsal02,IND,5,1,12.8,1.0,2.8,.357,0.6,1.6,.375,0.6,0.8,.750,1.8,4.2,6.0,1.0,0.6,0.4,0.8,1.2,3.2,4.4
214,Doug McDermott\mcderdo01,IND,11,0,16.8,2.7,6.5,.423,1.1,3.5,.308,0.5,0.5,.833,0.3,1.6,1.9,0.8,0.4,0.1,0.3,1.3,7.0,4.4
215,Shabazz Napier\napiesh01,WAS,5,2,22.1,3.6,8.6,.419,1.0,3.6,.278,2.0,2.4,.833,0.2,2.2,2.4,1.8,0.6,0.4,3.4,1.6,10.2,4.4
216,Dion Waiters\waitedi01,LAL,12,0,16.9,2.9,7.1,.412,0.6,2.8,.206,1.3,1.5,.889,0.2,1.1,1.3,1.6,0.4,0.4,1.2,1.5,7.8,4.4
217,Delon Wright\wrighde01,DAL,12,0,17.6,1.4,3.3,.425,0.3,1.0,.250,0.8,1.3,.600,0.4,1.6,2.0,2.6,1.2,0.1,0.8,1.0,3.8,4.4
218,Bol Bol\bolbo01,DEN,11,0,9.9,1.7,3.4,.514,0.5,1.1,.500,1.4,1.6,.833,0.7,1.5,2.2,0.5,0.4,0.7,1.1,1.1,5.4,4.3
219,Torrey Craig\craigto01,DEN,27,11,21.4,2.3,5.1,.439,0.7,2.6,.282,0.4,0.7,.611,1.0,2.5,3.5,1.0,0.4,0.4,0.4,2.5,5.7,4.3
220,PJ Dozier\doziepj01,DEN,20,0,15.1,2.2,5.0,.434,0.6,1.5,.414,1.1,1.6,.688,0.4,1.8,2.2,2.3,0.5,0.2,1.2,1.6,6.0,4.3
221,Gary Harris\harriga01,DEN,14,12,27.1,2.4,6.4,.378,1.4,3.7,.365,1.2,1.6,.773,0.5,1.5,2.0,1.7,1.1,0.3,1.5,3.2,7.4,4.3
222,Kevin Hervey\herveke01,OKC,3,0,10.9,2.0,5.3,.375,1.0,4.0,.250,0.0,0.0,,0.3,3.0,3.3,1.3,0.3,0.3,0.0,1.0,5.0,4.3
223,Mason Plumlee\plumlma01,DEN,27,0,13.5,1.6,2.9,.544,0.0,0.1,.000,0.6,1.1,.586,1.5,2.1,3.6,2.0,0.3,0.5,0.8,2.1,3.8,4.3
224,Andre Iguodala\iguodan01,MIA,28,0,20.3,1.5,3.6,.422,0.7,2.2,.306,0.3,0.5,.643,0.6,2.2,2.8,1.9,0.8,0.6,0.8,1.8,4.1,4.2
225,Wesley Matthews\matthwe02,MIL,15,15,23.5,2.1,5.2,.410,1.6,4.2,.381,0.7,1.0,.733,0.5,1.1,1.6,0.7,0.7,0.3,0.6,2.1,6.6,4.2
226,Matisse Thybulle\thybuma01,PHI,12,2,21.1,1.6,3.2,.500,0.6,1.6,.368,0.0,0.0,,0.8,1.5,2.3,0.9,1.4,0.7,0.7,2.3,3.8,4.2
227,Kyle Korver\korveky01,MIL,18,1,13.7,1.9,4.5,.432,1.6,3.7,.418,0.8,0.8,1.000,0.1,1.3,1.4,0.4,0.4,0.1,0.6,1.1,6.2,4.1
228,Alex Len\lenal01,SAC,6,3,12.6,1.5,2.8,.529,0.3,0.5,.667,1.7,2.3,.714,0.8,3.7,4.5,0.5,0.2,0.3,0.8,2.2,5.0,4.1
229,Paul Watson\watsopa01,TOR,7,0,10.0,1.6,2.9,.550,0.6,1.1,.500,0.9,1.0,.857,0.3,1.6,1.9,0.6,0.6,0.0,0.4,0.6,4.6,4.1
230,Dewan Hernandez\hernade01,TOR,2,0,8.5,2.0,4.5,.444,0.5,0.5,1.000,0.5,1.5,.333,1.5,2.0,3.5,1.5,0.0,0.0,1.0,0.0,5.0,4.0
231,B.J. Johnson\johnsbj01,ORL,3,0,13.3,1.7,5.3,.313,1.0,1.3,.750,2.3,2.7,.875,0.7,3.0,3.7,0.3,0.3,0.0,1.0,1.0,6.7,4.0
232,Terence Davis\daviste02,TOR,14,2,14.7,2.3,5.3,.432,1.0,2.8,.359,0.9,1.0,.929,0.4,1.9,2.4,1.1,0.6,0.1,1.2,2.2,6.5,3.9
233,Mario Hezonja\hezonma01,POR,11,0,15.7,1.8,4.6,.392,0.5,1.9,.238,0.8,1.1,.750,0.5,2.9,3.5,1.3,1.0,0.0,0.7,2.1,4.9,3.9
234,Rondae Hollis-Jefferson\holliro01,TOR,13,1,12.5,1.5,3.4,.455,0.1,0.5,.143,1.2,1.7,.727,1.0,2.0,3.0,1.5,0.3,0.2,0.8,1.2,4.4,3.9
235,Markieff Morris\morrima02,LAL,27,3,17.3,2.1,4.9,.443,1.3,3.2,.414,0.3,0.4,.727,0.7,2.4,3.1,0.9,0.3,0.2,0.7,2.5,5.9,3.9
236,DeMarre Carroll\carrode01,HOU,5,0,13.0,1.0,2.8,.357,0.2,1.2,.167,1.0,1.2,.833,0.2,2.0,2.2,1.6,0.8,0.2,0.2,1.0,3.2,3.8
237,Anthony Tolliver\tollian01,MEM,8,4,17.5,1.4,3.4,.407,1.3,3.0,.417,0.4,0.5,.750,0.5,2.1,2.6,1.1,0.5,0.0,0.5,1.3,4.4,3.8
238,Rayjon Tucker\tuckera01,UTA,8,0,11.8,1.8,3.6,.483,0.5,1.8,.286,2.0,2.3,.889,0.1,0.8,0.9,0.4,0.0,0.1,0.8,0.5,6.0,3.8
239,Sterling Brown\brownst02,MIL,8,0,13.1,1.9,4.9,.385,1.0,2.9,.348,0.6,0.6,1.000,0.4,2.0,2.4,0.6,0.9,0.0,0.8,1.1,5.4,3.7
240,Mike Muscala\muscami01,OKC,8,2,12.4,1.8,4.0,.438,1.5,3.0,.500,0.0,0.0,,0.4,1.9,2.3,0.9,0.1,0.1,0.4,1.1,5.0,3.7
241,Matt Thomas\thomama02,TOR,18,1,11.3,1.8,3.3,.533,0.9,2.0,.472,0.1,0.1,1.000,0.2,1.3,1.5,0.7,0.2,0.1,0.3,0.7,4.6,3.7
242,Jarrod Uthoff\uthofja01,WAS,3,0,13.1,2.0,3.7,.545,1.0,1.7,.600,0.0,0.0,,0.3,1.3,1.7,0.0,0.0,0.0,0.0,0.3,5.0,3.7
243,Justin Wright-Foreman\wrighju02,UTA,3,0,14.5,2.3,6.7,.350,0.7,3.3,.200,1.0,1.3,.750,0.0,1.7,1.7,2.3,0.7,0.0,1.0,1.7,6.3,3.6
244,Thanasis Antetokounmpo\antetth01,MIL,2,0,17.9,2.5,6.0,.417,0.0,1.5,.000,0.0,1.0,.000,0.5,2.0,2.5,3.0,0.5,0.0,0.5,2.5,5.0,3.5
245,Chris Clemons\clemoch01,HOU,6,0,7.9,1.3,3.5,.381,1.0,3.0,.333,0.8,1.0,.833,0.2,1.3,1.5,0.8,0.5,0.2,0.3,1.0,4.5,3.5
246,JaVale McGee\mcgeeja01,LAL,21,18,11.5,1.6,2.6,.618,0.0,0.1,.000,0.2,0.4,.556,1.4,2.4,3.8,0.5,0.3,0.6,0.8,1.7,3.5,3.5
247,Emmanuel Mudiay\mudiaem01,UTA,9,1,14.6,2.2,5.8,.385,0.6,1.6,.357,1.3,1.8,.750,0.2,1.7,1.9,1.2,0.6,0.1,1.3,0.9,6.3,3.5
248,Abdel Nader\naderab01,OKC,10,1,13.6,2.4,5.0,.480,1.0,2.8,.357,0.4,0.6,.667,0.1,1.2,1.3,0.3,0.4,0.2,0.7,1.4,6.2,3.5
249,Kendrick Nunn\nunnke01,MIA,20,5,17.8,2.8,7.8,.359,0.9,3.6,.250,0.8,0.8,1.000,0.3,2.0,2.2,1.5,0.4,0.4,1.3,1.6,7.3,3.5
250,Carsen Edwards\edwarca01,BOS,3,0,12.7,1.7,5.0,.333,1.0,2.7,.375,0.7,2.0,.333,0.0,1.7,1.7,0.7,0.7,0.3,0.0,0.3,5.0,3.4
251,Vic Law\lawvi01,ORL,4,0,14.0,1.8,4.0,.438,0.5,1.8,.286,0.5,1.0,.500,0.5,2.5,3.0,1.0,0.5,0.0,0.5,1.5,4.5,3.4
252,Tacko Fall\fallta01,BOS,3,0,3.7,1.0,1.0,1.000,0.0,0.0,,0.3,0.7,.500,0.3,1.3,1.7,0.3,0.3,0.7,0.0,0.7,2.3,3.3
253,Jaylen Hoard\hoardja01,POR,3,0,13.8,2.3,4.0,.583,0.0,0.0,,0.0,0.0,,1.7,1.3,3.0,0.3,0.0,0.0,0.7,1.7,4.7,3.3
254,Ersan İlyasova\ilyaser01,MIL,10,0,11.4,1.2,3.2,.375,0.5,1.8,.278,1.2,1.4,.857,0.2,2.8,3.0,0.2,0.3,0.3,0.2,1.1,4.1,3.3
255,De'Anthony Melton\meltode01,MEM,8,0,19.5,1.6,6.0,.271,0.4,2.9,.130,0.8,1.9,.400,0.8,2.6,3.4,2.3,1.5,0.3,0.8,2.1,4.4,3.3
256,Johnathan Williams\willijo04,WAS,4,1,11.3,0.8,2.3,.333,0.0,0.0,,1.0,2.0,.500,2.3,3.0,5.3,0.5,0.0,0.5,0.3,1.3,2.5,3.3
257,Goga Bitadze\bitadgo01,IND,5,0,12.3,1.8,4.2,.429,0.4,1.2,.333,0.0,0.0,,0.6,1.4,2.0,0.4,0.8,1.0,0.6,1.6,4.0,3.2
258,Wenyen Gabriel\gabriwe01,POR,6,2,12.9,1.7,2.8,.588,0.3,0.8,.400,0.3,0.7,.500,1.7,1.0,2.7,0.7,0.5,0.5,0.8,3.3,4.0,3.2
259,Meyers Leonard\leoname01,MIA,5,2,15.5,1.6,3.8,.421,0.8,2.6,.308,0.6,0.8,.750,0.6,2.0,2.6,1.0,0.4,0.0,0.8,1.6,4.6,3.2
260,Nicolò Melli\mellini01,NOP,8,2,19.1,1.6,5.6,.289,0.5,3.3,.154,1.3,1.6,.769,0.1,2.8,2.9,1.9,0.5,0.5,0.5,2.4,5.0,3.2
261,Nerlens Noel\noelne01,OKC,13,1,16.2,1.4,2.5,.563,0.0,0.1,.000,0.8,1.4,.556,1.1,3.4,4.5,0.5,0.4,1.1,1.1,2.9,3.5,3.2
262,Nigel Williams-Goss\willini01,UTA,2,0,12.3,2.0,4.5,.444,1.0,2.5,.400,0.0,0.0,,0.0,0.5,0.5,1.0,1.0,0.0,0.5,2.0,5.0,3.2
263,D.J. Wilson\wilsodj01,MIL,6,1,13.8,2.0,5.2,.387,0.7,3.0,.222,0.8,1.5,.556,0.3,3.7,4.0,0.5,0.2,0.0,0.7,1.2,5.5,3.1
264,Kostas Antetokounmpo\antetko01,LAL,2,0,7.5,1.5,1.5,1.000,0.0,0.0,,0.5,1.0,.500,1.0,0.0,1.0,0.5,0.0,0.0,0.5,1.0,3.5,3.0
265,Solomon Hill\hillso01,MIA,12,0,11.5,1.3,3.3,.385,0.5,1.8,.286,0.8,1.0,.833,0.3,1.3,1.5,0.8,0.7,0.0,0.3,1.0,3.8,3.0
266,Derrick Jones\jonesde02,MIA,23,1,9.7,1.1,1.9,.605,0.3,0.7,.467,0.4,0.7,.600,0.7,0.7,1.4,0.5,0.4,0.3,0.2,1.2,3.0,3.0
267,Vincent Poirier\poirivi01,BOS,2,0,9.1,0.5,1.5,.333,0.0,0.0,,0.0,0.0,,1.5,3.0,4.5,1.0,0.5,1.5,1.0,1.0,1.0,3.0
268,Landry Shamet\shamela01,LAC,19,7,21.1,1.9,5.2,.364,1.1,3.7,.300,0.7,1.1,.650,0.0,1.7,1.7,1.5,0.4,0.2,1.0,1.6,5.6,3.0
269,Edmond Sumner\sumneed01,IND,9,1,15.8,1.8,4.2,.421,0.4,2.0,.222,0.9,1.8,.500,0.2,1.4,1.7,1.8,0.0,0.1,0.6,1.6,4.9,3.0
270,Jarrell Brantley\brantja01,UTA,6,0,15.9,1.7,5.5,.303,0.5,2.7,.188,0.3,0.7,.500,0.8,2.3,3.2,2.0,0.5,0.7,1.0,1.5,4.2,2.9
271,Rodney McGruder\mcgruro01,LAC,11,1,12.5,1.3,2.7,.467,0.4,1.2,.308,0.4,0.5,.667,0.4,2.1,2.5,0.7,0.3,0.0,0.3,0.6,3.3,2.9
272,Moritz Wagner\wagnemo01,WAS,8,0,16.0,1.8,4.8,.368,0.3,1.6,.154,1.4,1.6,.846,0.6,2.8,3.4,0.9,0.8,0.3,1.4,2.3,5.1,2.9
273,Yuta Watanabe\watanyu01,MEM,2,0,3.1,1.5,2.5,.600,0.0,0.0,,0.0,0.0,,0.5,1.0,1.5,0.5,0.0,0.0,0.0,0.0,3.0,2.9
274,Justin Anderson\anderju01,BRK,10,1,11.9,1.4,4.4,.318,1.1,3.7,.297,0.5,0.6,.833,0.1,2.6,2.7,1.1,0.0,0.6,0.6,1.3,4.4,2.8
275,Bruno Caboclo\cabocbr01,HOU,5,0,6.2,1.4,2.8,.500,0.4,1.2,.333,0.8,0.8,1.000,0.2,1.8,2.0,0.0,0.8,0.2,0.8,1.6,4.0,2.8
276,Amir Coffey\coffeam01,LAC,8,1,8.5,1.3,3.0,.417,0.6,1.6,.385,0.9,1.3,.700,0.0,0.3,0.3,1.1,0.6,0.1,0.6,1.0,4.0,2.8
277,Malcolm Miller\millema01,TOR,4,0,10.6,1.3,2.0,.625,0.8,1.0,.750,0.5,0.5,1.000,0.3,0.3,0.5,0.8,0.3,0.0,0.3,2.0,3.8,2.8
278,Quinn Cook\cookqu01,LAL,12,1,10.3,1.7,4.3,.392,0.7,1.9,.348,0.5,0.5,1.000,0.3,0.7,1.0,1.2,0.1,0.1,0.8,0.4,4.5,2.7
279,Anfernee Simons\simonan01,POR,9,0,14.6,1.2,4.1,.297,0.8,2.3,.333,0.6,0.7,.833,0.1,1.7,1.8,1.3,0.7,0.0,0.4,1.2,3.8,2.6
280,Josh Jackson\jacksjo02,MEM,4,0,6.1,0.5,1.0,.500,0.0,0.0,,1.5,1.5,1.000,0.0,2.0,2.0,1.0,0.0,0.0,0.8,0.3,2.5,2.5
281,Keita Bates-Diop\bateske01,DEN,10,0,10.3,1.2,3.1,.387,0.3,0.9,.333,0.6,0.8,.750,0.7,1.4,2.1,0.1,0.2,0.3,0.3,0.5,3.3,2.4
282,Jerian Grant\grantje02,WAS,6,0,13.4,1.7,4.5,.370,0.3,1.3,.250,0.8,1.2,.714,0.3,0.7,1.0,1.5,0.2,0.2,0.5,1.8,4.5,2.4
283,Terance Mann\mannte01,LAC,19,0,6.2,0.9,1.6,.567,0.2,0.5,.400,0.5,0.8,.600,0.3,1.2,1.5,0.8,0.2,0.0,0.3,0.7,2.5,2.4
284,Troy Daniels\danietr01,DEN,11,0,9.6,1.5,3.5,.410,0.8,2.3,.360,0.1,0.2,.500,0.1,0.7,0.8,0.5,0.3,0.0,0.3,0.8,3.8,2.2
285,Frank Kaminsky\kaminfr01,PHO,7,0,8.5,1.6,4.0,.393,0.3,1.7,.167,0.3,0.3,1.000,0.7,1.9,2.6,0.6,0.1,0.0,0.6,0.9,3.7,2.2
286,Cheick Diallo\diallch01,PHO,3,0,3.8,1.0,1.7,.600,0.0,0.3,.000,0.7,0.7,1.000,0.7,0.7,1.3,0.0,0.3,0.0,0.7,0.3,2.7,2.1
287,Norvel Pelle\pelleno01,PHI,5,0,12.0,1.4,2.6,.538,0.0,0.2,.000,0.2,0.4,.500,0.8,1.6,2.4,0.2,0.6,1.4,1.0,3.2,3.0,2.1
288,T.J. Leaf\leaftj01,IND,3,0,9.6,2.0,5.7,.353,0.0,1.3,.000,0.0,1.3,.000,0.7,1.7,2.3,1.0,0.7,0.3,0.3,1.3,4.0,2.0
289,Juwan Morgan\morgaju01,UTA,12,2,12.3,0.8,1.8,.429,0.3,1.1,.308,0.4,0.8,.500,0.9,1.7,2.6,0.8,0.3,0.1,0.3,1.9,2.3,2.0
290,Josh Reaves\reavejo02,DAL,4,0,9.0,1.0,2.8,.364,0.0,0.8,.000,1.0,1.0,1.000,0.3,1.0,1.3,1.0,0.0,0.3,0.3,1.5,3.0,2.0
291,Grant Williams\willigr01,BOS,24,0,10.1,0.9,1.9,.489,0.5,1.2,.464,0.4,0.5,.692,0.3,1.3,1.6,0.5,0.2,0.3,0.3,2.0,2.8,2.0
292,Joakim Noah\noahjo01,LAC,7,0,7.4,0.6,1.1,.500,0.0,0.0,,0.9,1.1,.750,0.7,1.6,2.3,1.0,0.1,0.1,0.9,1.3,2.0,1.9
293,Anžejs Pasečņiks\pasecan01,WAS,3,0,10.7,1.7,3.3,.500,0.0,0.3,.000,0.7,1.3,.500,1.0,1.7,2.7,0.3,0.3,0.0,0.7,3.3,4.0,1.8
294,Tyler Cook\cookty01,DEN,3,0,7.8,0.3,0.7,.500,0.0,0.0,,0.7,0.7,1.000,0.7,1.3,2.0,0.0,0.7,0.0,0.7,0.3,1.3,1.7
295,Justin Jackson\jacksju01,DAL,10,1,13.1,1.2,3.6,.333,0.3,1.5,.200,0.8,1.0,.800,0.0,1.5,1.5,0.3,0.3,0.0,0.2,1.2,3.5,1.7
296,Semi Ojeleye\ojelese01,BOS,21,1,11.5,1.0,3.1,.338,0.8,2.5,.327,0.2,0.3,.833,0.2,1.4,1.6,0.3,0.3,0.0,0.4,1.2,3.1,1.6
297,Jaylen Adams\adamsja01,POR,3,0,6.9,1.0,3.0,.333,0.0,1.3,.000,0.0,0.0,,0.3,0.7,1.0,0.7,0.3,0.0,0.0,0.3,2.0,1.4
298,Andre Roberson\roberan03,OKC,8,0,11.3,1.0,3.8,.267,0.4,1.9,.200,0.1,0.3,.500,0.9,2.5,3.4,0.5,0.1,0.4,0.3,1.8,2.5,1.4
299,Kenrich Williams\willike04,NOP,4,0,13.2,0.5,1.0,.500,0.0,0.3,.000,0.0,0.5,.000,0.5,1.5,2.0,1.0,0.5,0.0,0.3,1.8,1.0,1.4
300,Brian Bowen\bowenbr02,IND,1,0,2.3,1.0,1.0,1.000,0.0,0.0,,0.0,0.0,,0.0,0.0,0.0,0.0,0.0,0.0,0.0,1.0,2.0,1.3
301,Michael Kidd-Gilchrist\kiddgmi01,DAL,10,0,10.5,0.7,2.0,.350,0.2,0.9,.222,0.6,0.9,.667,0.4,1.4,1.8,0.4,0.1,0.2,0.4,1.3,2.2,1.3
302,Robin Lopez\lopezro01,MIL,9,1,13.0,1.4,3.3,.433,0.2,1.0,.222,0.6,1.1,.500,0.4,1.7,2.1,0.4,0.0,0.4,1.0,2.0,3.7,1.3
303,Luc Mbah a Moute\mbahalu01,HOU,3,0,8.2,0.7,1.7,.400,0.0,0.7,.000,0.3,0.7,.500,0.3,0.3,0.7,0.0,0.7,0.0,0.3,0.0,1.7,1.3
304,Admiral Schofield\schofad01,WAS,6,0,12.6,0.8,2.8,.294,0.8,2.3,.357,0.2,0.3,.500,0.2,2.0,2.2,0.2,0.0,0.2,0.0,1.5,2.7,1.3
305,Corey Brewer\breweco01,SAC,5,0,6.5,0.4,0.8,.500,0.0,0.2,.000,0.2,0.6,.333,0.4,1.2,1.6,0.4,0.8,0.0,0.4,1.4,1.0,1.2
306,Devon Hall\hallde01,OKC,6,0,10.2,0.8,4.2,.200,0.7,2.5,.267,0.2,0.7,.250,0.3,0.7,1.0,1.7,0.7,0.2,0.7,0.8,2.5,1.1
307,Justin James\jamesju01,SAC,2,0,7.1,1.0,3.0,.333,0.0,1.5,.000,0.0,0.0,,0.0,1.0,1.0,1.0,0.0,0.0,0.0,0.5,2.0,1.1
308,Marial Shayok\shayoma01,PHI,2,0,8.8,1.0,3.5,.286,0.5,1.5,.333,1.5,2.0,.750,0.5,1.5,2.0,0.0,0.0,0.5,1.0,2.0,4.0,1.1
309,Lance Thomas\thomala01,BRK,10,4,11.5,0.9,2.8,.321,0.4,1.5,.267,0.6,0.8,.750,0.3,1.3,1.6,0.6,0.0,0.1,0.6,1.3,2.8,1.1
310,Quinndary Weatherspoon\weathqu01,SAS,8,0,7.8,0.6,1.8,.357,0.1,0.5,.250,0.1,0.3,.500,0.1,0.6,0.8,1.3,0.4,0.1,0.6,1.0,1.5,1.1
311,Marko Guduric\gudurma01,MEM,2,0,3.8,0.5,1.5,.333,0.0,1.0,.000,0.5,0.5,1.000,0.0,1.0,1.0,0.0,0.0,0.0,0.0,0.0,1.5,1.0
312,Tyler Zeller\zellety01,SAS,2,0,1.9,0.5,2.0,.250,0.0,0.0,,0.0,0.0,,1.5,0.5,2.0,0.0,0.0,0.0,0.0,0.0,1.0,1.0
313,Jared Dudley\dudleja01,LAL,14,0,6.0,0.3,1.0,.286,0.1,0.8,.182,0.0,0.0,,0.1,0.7,0.8,0.6,0.5,0.1,0.3,0.5,0.7,0.9
314,Kyle Guy\guyky01,SAC,1,0,5.6,1.0,3.0,.333,0.0,2.0,.000,0.0,0.0,,0.0,1.0,1.0,1.0,0.0,0.0,0.0,1.0,2.0,0.9
315,Ty Jerome\jeromty01,PHO,3,0,4.2,0.3,2.3,.143,0.3,1.0,.333,0.3,0.7,.500,0.3,1.3,1.7,0.3,0.3,0.0,0.0,0.3,1.3,0.8
316,Romeo Langford\langfro01,BOS,12,1,9.8,0.7,2.2,.308,0.1,0.5,.167,0.3,0.3,.750,0.1,0.9,1.0,0.8,0.1,0.2,0.3,0.7,1.7,0.8
317,Gabe Vincent\vincega01,MIA,4,0,10.4,1.0,4.5,.222,0.5,2.8,.182,0.0,0.0,,0.0,0.5,0.5,0.8,1.0,0.0,0.3,1.0,2.5,0.8
318,Kyle Alexander\alexaky01,MIA,2,0,6.7,0.5,1.0,.500,0.0,0.0,,0.0,0.0,,1.0,0.5,1.5,0.0,0.0,0.0,0.5,0.5,1.0,0.7
319,Noah Vonleh\vonleno01,DEN,4,0,4.2,0.5,1.0,.500,0.0,0.0,,0.3,0.5,.500,0.0,0.3,0.3,0.3,0.0,0.0,0.0,0.5,1.3,0.7
320,Antonius Cleveland\clevean01,DAL,7,0,4.6,0.6,1.9,.308,0.0,0.3,.000,0.3,0.4,.667,0.4,0.3,0.7,0.1,0.1,0.3,0.1,1.0,1.4,0.6
321,Tremont Waters\watertr01,BOS,2,1,16.0,1.0,7.5,.133,0.5,4.0,.125,1.0,1.0,1.000,0.0,2.0,2.0,2.5,2.5,0.0,2.5,1.0,3.5,0.6
322,John Konchar\konchjo01,MEM,4,0,3.5,0.3,0.5,.500,0.3,0.3,1.000,0.0,0.0,,0.0,0.3,0.3,0.3,0.0,0.0,0.3,0.0,0.8,0.5
323,Mohamed Bamba\bambamo01,ORL,2,0,5.4,0.0,2.0,.000,0.0,1.5,.000,0.0,0.0,,1.0,0.5,1.5,0.0,0.5,0.5,0.0,0.5,0.0,0.1
324,J.R. Smith\smithjr01,LAL,16,0,9.6,0.9,3.0,.292,0.4,2.1,.212,0.1,0.1,1.000,0.0,0.5,0.5,0.4,0.2,0.0,0.7,1.0,2.3,0.1
325,Deonte Burton\burtode02,OKC,6,0,12.4,0.7,3.3,.200,0.0,1.2,.000,0.3,0.3,1.000,0.2,1.3,1.5,1.0,0.3,0.0,0.8,1.0,1.7,-0.1
326,Michael Frazier\frazimi01,HOU,9,0,10.0,0.4,2.4,.182,0.3,1.9,.176,0.6,0.9,.625,0.1,1.1,1.2,0.3,0.0,0.0,0.4,1.0,1.8,-0.1
327,Terrance Ferguson\fergute01,OKC,10,2,12.9,0.6,3.2,.188,0.5,2.3,.217,0.0,0.1,.000,0.1,0.4,0.5,0.7,0.2,0.1,0.2,1.4,1.7,-0.2
328,Naz Mitrou-Long\mitrona01,IND,2,0,2.2,0.0,0.5,.000,0.0,0.5,.000,0.0,0.0,,0.0,0.5,0.5,0.5,0.0,0.0,0.5,0.5,0.0,-0.6
329,Tyson Chandler\chandty01,HOU,1,0,0.0,0.0,0.0,,0.0,0.0,,0.0,2.0,.000,0.0,0.0,0.0,0.0,0.0,0.0,0.0,0.0,0.0,-0.8
330,Jalen Lecque\lecquja01,PHO,1,0,5.3,0.0,0.0,,0.0,0.0,,0.0,0.0,,0.0,2.0,2.0,0.0,0.0,0.0,1.0,1.0,0.0,-0.8